Question;Answer
Miből áll a szakmai gyakorlat?;A szakmai gyakorlat a szakmai feladatok elvégzéséből áll a gyakorlóhelyen.
Hogyan kell feltölteni a dokumentumokat a félévben teljesített szakmai gyakorlatról?;A Témáim oldalon a tanszéki portálon.
Hol találom a szakmai gyakorlat témáit?;A szakmai gyakorlat témáit a Témák oldalon találod.
Milyen tárgyat kell felvennem a tárgyfelvételnél?;A tárgyfelvételnél a mintatantervednek megfelelő tárgyat kell felvenned.
Mennyi időt kell szakmai gyakorlatot teljesíteni a Villamosmérnöki B.Sc. szakon?;6 hét (240 munkaóra)
Mennyi időt kell szakmai gyakorlatot teljesíteni a Mérnökinformatikus B.Sc. szakon 2014. szeptembere előtt kezdett hallgatóknak?;6 hét (240 munkaóra) 
Mennyi időt kell szakmai gyakorlatot teljesíteni a Mérnökinformatikus B.Sc. szakon 2014. szeptemberétől kezdett hallgatóknak?;8 hét (320 munkaóra)
Mennyi időt kell szakmai gyakorlatot teljesíteni a Villamosmérnöki M.Sc. szakon?;4 hét (160 munkaóra)
Mennyi időt kell szakmai gyakorlatot teljesíteni a Mérnökinformatikus M.Sc. szakon 2015. januárja előtt kezdett hallgatóknak?;A Mérnökinformatikus M.Sc. szakon 2015. januárja előtt kezdett hallgatóknak legalább 4 hét (160 munkaóra) szakmai gyakorlatot kell teljesíteni.
Mennyi időt kell szakmai gyakorlatot teljesíteni a Mérnökinformatikus M.Sc. szakon 2015. januárjától kezdett hallgatóknak?;A Mérnökinformatikus M.Sc. szakon 2015. januárjától kezdett hallgatóknak legalább 6 hét (240 munkaóra) szakmai gyakorlatot kell teljesíteni.
Mi a követelmény a 6 hetes vagy azt meghaladó időtartamú szakmai gyakorlat esetében?;A 6 hetes vagy azt meghaladó időtartamú szakmai gyakorlat esetében kötelező a fogadó szakmai gyakorlóhelynek szerződésben állnia a karral.
Mikor végezhető szakmai gyakorlat harmadik, közvetítő félen (iskolaszövetkezet)?;Szakmai gyakorlat harmadik, közvetítő félen (iskolaszövetkezet) csak abban az esetben végezhető, amennyiben a tényleges gyakorlóhely igazolja le a hallgató munkáját és mind az iskolaszövetkezet, mind a cég érvényes keretmegállapodással rendelkezik.
Hol találhatók a szakmai gyakorlattal kapcsolatos legfontosabb információk a vállalatok számára?;A szakmai gyakorlattal kapcsolatos legfontosabb információkat a vállalatok számára a tájékoztatóban találhatók.
Hol található a tanév időbeosztása?;A tanév időbeosztása a KTH oldalán található.
Hol találhatók a szakmai gyakorlat információk?;A szakmai gyakorlat információk a kari honlapon találhatók.
Milyen sablont kell használni a munkanaplóhoz?;A munkanaplóhoz a honlapon található sablont kell használni.
Milyen tárgykódokat kell használni a 2014 szeptembere előtt kezdett BSc-s hallgatóknak?;A 2014 szeptembere előtt kezdett BSc-s hallgatóknak a VIAUASZ3 - BSc villamosmérnöki szak és a VIAUAS14 - BSc mérnök informatikus szak kódokat kell használniuk.
Milyen tárgykódokat kell használni a 2014 szeptemberében vagy később kezdett BSc-s hallgatóknak?;A 2014 szeptemberében vagy később kezdett BSc-s hallgatóknak a VIAUAS01 - BSc villamosmérnöki szak és a VIAUAS00 - BSc mérnök informatikus szak kódokat kell használniuk.
Milyen tárgykódokat kell használni a 2015 februárja előtt kezdett MSc-s hallgatóknak?;A 2015 februárja előtt kezdett MSc-s hallgatóknak a VIAUMSZ7 - MSc villamosmérnöki szak és a VIAUMS02 - MSc mérnök informatikus szak kódokat kell használniuk.
Milyen tárgykódokat kell használni a 2015 februárjában vagy később kezdett MSc-s hallgatóknak?;A 2015 februárjában vagy később kezdett MSc-s hallgatóknak a VIAUMS01 - MSc villamosmérnöki szak és a VIAUMS00 - MSc mérnök informatikus szak kódokat kell használniuk.
Milyen tárgykódot kell használni a mechatronikai mérnök hallgatóknak?;A mechatronikai mérnök hallgatóknak a VIAUM018 - MSc mechatronikai mérnök szak kódot kell használniuk.
Ki a tanszéki felelős?;A tanszéki felelős Dr. Blázovics László.
Milyen beosztásban dolgozik a tanszéki felelős?;A tanszéki felelős adjunktus.
Hol található a tanszéki felelős irodája?;A tanszéki felelős irodája a QB.222-ben található.
Milyen telefonszámon érhető el a tanszéki felelős?;A tanszéki felelős a 463-1648-as telefonszámon érhető el.
Milyen információkat tartalmaz a cégeknek összeállított tájékoztató?;A cégeknek összeállított tájékoztató a szakmai gyakorlattal kapcsolatos legfontosabb információkat tartalmazza.
Milyen hasznos linkek találhatók a honlapon?;A honlapon a szakmai gyakorlat információk, a munkanapló sablon, és a tárgy kódok találhatók.
Milyen szakokra vonatkoznak a tárgykódok?;A tárgykódok a BSc és MSc szintű villamosmérnöki, mérnök informatikus és mechatronikai mérnök szakokra vonatkoznak.
Milyen információkat találhatok a kari honlapon?;A kari honlapon a szakmai gyakorlatról szóló információkat, a munkanapló sablont és a tárgy kódokat találhatod meg.
Hogyan tudom elérni Dr. Blázovics Lászlót?;Dr. Blázovics Lászlót a 463-1648-as telefonszámon, vagy a QB.222-es irodában lehet elérni.
Milyen szakokra vonatkoznak a BSc tárgykódok?;A BSc tárgykódok a villamosmérnöki és mérnök informatikus szakokra vonatkoznak.
Milyen szakokra vonatkoznak az MSc tárgykódok?;Az MSc tárgykódok a villamosmérnöki, mérnök informatikus és mechatronikai mérnök szakokra vonatkoznak.
Hol találhatók a tárgykódok?;A tárgykódok a honlapon találhatók.
Hogyan tudom megtudni, melyik tárgykód melyik szakra vonatkozik?;A tárgykódok mellett szerepel, hogy melyik szakra vonatkoznak.
Milyen szakokra vonatkoznak a 2014 szeptembere előtt kezdett hallgatóknak szóló tárgykódok?;A 2014 szeptembere előtt kezdett hallgatóknak szóló tárgykódok a BSc villamosmérnöki és mérnök informatikus szakokra vonatkoznak.
Milyen szakokra vonatkoznak a 2014 szeptemberében vagy később kezdett hallgatóknak szóló tárgykódok?;A 2014 szeptemberében vagy később kezdett hallgatóknak szóló tárgykódok a BSc villamosmérnöki és mérnök informatikus szakokra vonatkoznak.
Milyen szakokra vonatkoznak a 2015 februárja előtt kezdett hallgatóknak szóló tárgykódok?;A 2015 februárja előtt kezdett hallgatóknak szóló tárgykódok az MSc villamosmérnöki és mérnök informatikus szakokra vonatkoznak.
Milyen szakokra vonatkoznak a 2015 februárjában vagy később kezdett hallgatóknak szóló tárgykódok?;A 2015 februárjában vagy később kezdett hallgatóknak szóló tárgykódok az MSc villamosmérnöki és mérnök informatikus szakokra vonatkoznak.
Mikor változott a szakmai gyakorlat időtartama a villamosmérnöki és mérnökinformatikus alapképzési szakokon?;A szakmai gyakorlat időtartama a villamosmérnöki és mérnökinformatikus alapképzési szakokon 2014 szeptemberében változott.
Hol lehet elvégezni a szakmai gyakorlatot?;A szakmai gyakorlat csak intézményen (BME-n) kívül végezhető.
Mennyi időt kell tölteni szakmai gyakorlaton a villamosmérnöki BSc szakon?;A villamosmérnöki BSc szakon legalább 6 hetet (240 munkaórát) kell tölteni szakmai gyakorlaton.
Milyen feltételeknek kell megfelelni a gyakorlóhelynek a villamosmérnöki BSc szakon?;A gyakorlat csak olyan gyakorlóhelyen végezhető, mellyel a karnak együttműködési megállapodása van és a hallgatóval hallgatói munkaszerződést köt.
Mennyi időt kell tölteni szakmai gyakorlaton a mérnökinformatikus BSc szakon 2014 szeptembere előtt kezdett hallgatók esetén?;2014 szeptembere előtt kezdett hallgatók esetén legalább 6 hetet (240 munkaórát) kell tölteni szakmai gyakorlaton a mérnökinformatikus BSc szakon.
Mennyi időt kell tölteni szakmai gyakorlaton a mérnökinformatikus BSc szakon 2014 szeptemberétől kezdett hallgatók esetén?;2014 szeptemberétől kezdett hallgatók esetén legalább 8 hetet (320 munkaórát) kell tölteni szakmai gyakorlaton a mérnökinformatikus BSc szakon.
Mennyi időt kell tölteni szakmai gyakorlaton a villamosmérnöki MSc szakon?;A villamosmérnöki MSc szakon legalább 4 hetet (160 munkaórát) kell tölteni szakmai gyakorlaton.
Szükséges-e együttműködési megállapodás a karral a villamosmérnöki MSc szakon?;Együttműködési megállapodás megléte a karral nem követelmény, opcionális a villamosmérnöki MSc szakon.
Mennyi időt kell tölteni szakmai gyakorlaton az egészségügyi mérnöki MSc szakon?;Az egészségügyi mérnöki MSc szakon legalább 4 hetet (160 munkaórát) kell tölteni szakmai gyakorlaton.
Szükséges-e együttműködési megállapodás a karral az egészségügyi mérnöki MSc szakon?;Együttműködési megállapodás megléte a karral nem követelmény, opcionális az egészségügyi mérnöki MSc szakon.
Mennyi időt kell tölteni szakmai gyakorlaton a mérnökinformatikus MSc szakon 2015 januárja előtt kezdett hallgatók esetén?;2015 januárja előtt kezdett hallgatók esetén legalább 4 hetet (160 munkaórát) kell tölteni szakmai gyakorlaton a mérnökinformatikus MSc szakon.
Szükséges-e együttműködési megállapodás a karral a mérnökinformatikus MSc szakon 2015 januárja előtt kezdett hallgatók esetén?;Együttműködési megállapodás megléte a karral nem követelmény, opcionális a mérnökinformatikus MSc szakon 2015 januárja előtt kezdett hallgatók esetén.
Mikor változott a szakmai gyakorlat időtartama a mesterképzési szakokon?;A szakmai gyakorlat időtartama a mesterképzési szakokon 2015 januárjában változott.
Milyen feltételeknek kell megfelelni a gyakorlóhelynek a mérnökinformatikus BSc szakon?;A gyakorlat csak olyan gyakorlóhelyen végezhető, mellyel a karnak együttműködési megállapodása van és a hallgatóval hallgatói munkaszerződést köt a mérnökinformatikus BSc szakon.
Milyen feltételeknek kell megfelelni a gyakorlóhelynek a mérnökinformatikus MSc szakon?;A gyakorlat csak olyan gyakorlóhelyen végezhető, mely a hallgatóval hallgatói munkaszerződést köt. Együttműködési megállapodás megléte a karral nem követelmény, opcionális a mérnökinformatikus MSc szakon.
Milyen feltételeknek kell megfelelni a gyakorlóhelynek az egészségügyi mérnöki MSc szakon?;A gyakorlat csak olyan gyakorlóhelyen végezhető, mely a hallgatóval hallgatói munkaszerződést köt. Együttműködési megállapodás megléte a karral nem követelmény, opcionális az egészségügyi mérnöki MSc szakon.
Mennyi a szakmai gyakorlat időtartama a villamosmérnöki BSc szakon?;A villamosmérnöki BSc szakon a szakmai gyakorlat időtartama legalább 6 hét (240 munkaóra).
Mennyi a szakmai gyakorlat időtartama a mérnökinformatikus BSc szakon 2014 szeptembere előtt kezdett hallgatók esetén?;2014 szeptembere előtt kezdett hallgatók esetén a mérnökinformatikus BSc szakon a szakmai gyakorlat időtartama legalább 6 hét (240 munkaóra).
Mennyi a szakmai gyakorlat időtartama a mérnökinformatikus BSc szakon 2014 szeptemberétől kezdett hallgatók esetén?;2014 szeptemberétől kezdett hallgatók esetén a mérnökinformatikus BSc szakon a szakmai gyakorlat időtartama legalább 8 hét (320 munkaóra).
Mennyi a szakmai gyakorlat időtartama a villamosmérnöki MSc szakon?;A villamosmérnöki MSc szakon a szakmai gyakorlat időtartama legalább 4 hét (160 munkaóra).
Mennyi a szakmai gyakorlat időtartama az egészségügyi mérnöki MSc szakon?;Az egészségügyi mérnöki MSc szakon a szakmai gyakorlat időtartama legalább 4 hét (160 munkaóra).
Mennyi a szakmai gyakorlat időtartama a mérnökinformatikus MSc szakon 2015 januárja előtt kezdett hallgatók esetén?;2015 januárja előtt kezdett hallgatók esetén a mérnökinformatikus MSc szakon a szakmai gyakorlat időtartama legalább 4 hét (160 munkaóra).
Mikor javasolt a szakmai gyakorlat kezdése?;A javasolt kezdési időpont: 2023. július 3.
Hány óra a heti maximum a szakmai gyakorlat során?;Szorgalmi időszakban maximum heti 20 óra gyakorlati munka végezhető.
Mi a feltétele a szakmai gyakorlat elfogadásának?;A szakmai gyakorlat elfogadásának feltételei: 15-20 oldalas beszámoló a végzett munkáról, napi bontású, a külső konzulenssel hitelesített munkanapló, a külső konzulens által készített értékelő jelentés.
Hol találhatók a szakmai gyakorlat helyszínei és témái?;A szakmai gyakorlat helyszínei és témái a specializációt gondozó tanszék honlapján a félév közepétől megtekinthetők.
Mikor kell jelentkezni a tanszéki témákra?;A tanszéki témákra a szakmai gyakorlat felelősnél kell jelentkezni legkésőbb a gyakorlat megkezdése előtt két héttel.
Hol kell jelezni a nyári kollégiumi igényt?;A nyári kollégiumi igényt a szakmai gyakorlat felelősnél kell jelezni.
Milyen hosszúságú a szakmai gyakorlat a Mérnökinformatikus MSc szakon 2015 januárjától kezdett hallgatók esetén?;A Mérnökinformatikus MSc szakon 2015 januárjától kezdett hallgatók esetén a szakmai gyakorlat legalább 6 hét (240 munkaóra).
Milyen hosszúságú a szakmai gyakorlat a Gazdaságinformatikus MSc szakon 2015 januárja előtt kezdett hallgatók esetén?;A Gazdaságinformatikus MSc szakon 2015 januárja előtt kezdett hallgatók esetén a szakmai gyakorlat legalább 4 hét (160 munkaóra).
Milyen hosszúságú a szakmai gyakorlat a Gazdaságinformatikus MSc szakon 2015 januárjától kezdett hallgatók esetén?;A Gazdaságinformatikus MSc szakon 2015 januárjától kezdett hallgatók esetén a szakmai gyakorlat legalább 6 hét (240 munkaóra).
Hol lehet a szakmai gyakorlatot végezni?;A szakmai gyakorlatot csak olyan gyakorlóhelyen lehet végezni, mely a hallgatóval hallgatói munkaszerződést köt.
Kötelező-e együttműködési megállapodás a karral?;Az együttműködési megállapodás megléte a karral nem követelmény, opcionális.
Mi történik, ha a választott gyakorlóhellyel nincs még a karnak együttműködési megállapodása?;Saját gyakorlóhely esetén, amennyiben a választott gyakorlóhellyel nincs még a karnak együttműködési megállapodása, a további lépések nem ismertek a szöveg alapján.
Mit jelent, hogy a gyakorlat csak olyan gyakorlóhelyen végezhető, mellyel a karnak együttműködési megállapodása van?;Ez azt jelenti, hogy a gyakorlat csak abban az esetben végezhető egy adott helyen, ha a kar és a gyakorlóhely között létezik együttműködési megállapodás.
Mi a munkaszerződés szerepe a szakmai gyakorlat során?;A munkaszerződés biztosítja, hogy a hallgató és a gyakorlóhely között hivatalos jogviszony álljon fenn a gyakorlat ideje alatt.
Mit kell tartalmaznia a végzett munkáról szóló beszámolónak?;A végzett munkáról szóló beszámolónak 15-20 oldalasnak kell lennie.
Ki hitelesíti a munkanaplót?;A munkanaplót a külső konzulens hitelesíti.
Ki készíti az értékelő jelentést?;Az értékelő jelentést a külső konzulens készíti.
Hogyan lehet jelentkezni a tanszéki témákra?;A tanszéki témákra a tanszéki szakmai gyakorlat felelősnél lehet jelentkezni.
Mikor kell jelentkezni a szakmai gyakorlatra?;A szakmai gyakorlatra legkésőbb a gyakorlat megkezdése előtt két héttel kell jelentkezni.
Mi történik, ha a hallgató saját gyakorlóhelyet választ?;Saját gyakorlóhely esetén, amennyiben a választott gyakorlóhellyel nincs még a karnak együttműködési megállapodása, a további lépések nem ismertek a szöveg alapján.
Hogyan lehet jelezni a nyári kollégiumi igényt?;A nyári kollégiumi igényt a szakmai gyakorlat felelősnél lehet jelezni.
Mikor lehet megtekinteni a szakmai gyakorlat helyszíneit és témáit?;A szakmai gyakorlat helyszínei és témái a félév közepétől megtekinthetők a specializációt gondozó tanszék honlapján.
Milyen követelményeket szabhatnak a tanszékek a heti maximumra?;A tanszékek a heti maximumra ennél szigorúbb követelményeket is szabhatnak.
Mikor kell a szakmai gyakorlat tárgyat felvenni?;A szakmai gyakorlat tárgyat a szakmai gyakorlat félévében, nyári gyakorlat esetén a következő őszi félévben kell felvenni.
Mikor kell jelezni a nyári kollégiumi igényt?;A nyári kollégiumi igényt a szakmai gyakorlat felelősének kell jelezni.
Mikor kell benyújtani a szabályzat 1.sz. mellékletét?;A szabályzat 1.sz. mellékletét a saját gyakorlóhely választása esetén kell benyújtani, ha a karnak és a gyakorlóhelynek nincs még együttműködési megállapodása.
Hogyan kell benyújtani a 1.sz. mellékletet?;Az 1.sz. mellékletet e-mailben kell benyújtani a kari felelősnek.
Mikor kell felvenni a Szakmai gyakorlat tantárgyat a Neptunban?;A Szakmai gyakorlat tantárgyat a gyakorlat elvégzésének félévében kell felvenni a Neptunban.
Hogyan történik a feladatlap kitöltése?;A feladatlapot a szakmai gyakorlóhely tölti ki a témaleírással a tanszéki felelős jóváhagyásával, ellenőrzésével.
Ki szignózza a feladatlapot?;A feladatlapot a gyakorlóhely szignózza.
Ki tölti ki és szignózza az igazolólapot?;Az igazolólapot a gyakorlat elvégzéséről és a munka értékeléséről a gyakorlóhely tölti ki és szignózza.
Ki szignózza a napi bontású munkanaplót?;A napi bontású munkanaplót a gyakorlóhely szignózza.
Ki köti a munkaszerződést?;A munkaszerződést az iskolaszövetkezet köti.
Ki biztosítja a juttatást?;A juttatást az iskolaszövetkezet biztosítja.
Mikor kell fordulni a kari szakmai gyakorlat felelőséhez?;A kari szakmai gyakorlat felelőséhez a gyakorlat megkezdése előtt legalább 1 hónappal kell fordulni.
Ki a kari szakmai gyakorlat felelős?;A kari szakmai gyakorlat felelős dr. Blázovics László.
Milyen esetekben kell együttműködési megállapodást kötni a gyakorlóhellyel?;Együttműködési megállapodást kell kötni a gyakorlóhellyel, ha a gyakorlat valós helyszínével kell, hogy legyen a karnak, ha az adott képzés megköveteli, illetve meg kell kötni, ha nincs.
Mikor kell az 1.sz. mellékletet leadni?;Az 1.sz. mellékletet a kari felelősnek kell leadni, ha együttműködési megállapodást szeretnénk kötni a gyakorlóhellyel.
Mikor kell ellenőrizni, hogy van-e már a karnak érvényes megállapodása a gyakorlóhellyel?;Az 1.sz. melléklet leadása előtt kell ellenőrizni, hogy van-e már a karnak érvényes megállapodása a gyakorlóhellyel.
Mikor kell a szakmai gyakorlat tantárgyat felvenni a Neptunban, ha a gyakorlat az őszi szorgalmi időszakon túlnyúlik?;Ha a gyakorlat az őszi szorgalmi időszakon túlnyúlik, akkor a tavaszi félévben kell felvenni a Szakmai gyakorlat tantárgyat a Neptunban.
Hogyan történik a gyakorlati munka értékelése?;A gyakorlati munka értékelését a gyakorlóhely végzi, az igazolólap kitöltésével.
Ki köti meg a munkaszerződést, ha a gyakorlatot iskolaszövetkezeten keresztül végzik?;Ha a gyakorlatot iskolaszövetkezeten keresztül végzik, a munkaszerződést az iskolaszövetkezet köti meg.
Ki biztosítja a juttatást, ha a gyakorlatot iskolaszövetkezeten keresztül végzik?;Ha a gyakorlatot iskolaszövetkezeten keresztül végzik, a juttatást az iskolaszövetkezet biztosítja.
Mikor kell a gyakorlat megkezdése előtt fordulni a kari szakmai gyakorlat felelőshöz?;A gyakorlat megkezdése előtt legalább 1 hónappal kell fordulni a kari szakmai gyakorlat felelőshöz.
Hogyan lehet elérni a kari szakmai gyakorlat felelőst?;A kari szakmai gyakorlat felelőst a blazovics.laszlo@vik.bme.hu e-mail címen lehet elérni.
Milyen esetekben kell a 2. sz. kérelmet benyújtani?;A 2.sz. kérelmet csak villamosmérnöki és egészségügyi mérnöki MSc szakokon kell benyújtani.
Kihez kell fordulni a gyakorlat megkezdése előtt?;A gyakorlat megkezdése előtt dr. Blázovics Lászlóhoz kell fordulni.
Mikor kell a gyakorlatot megkezdeni?;A gyakorlatot legalább 1 hónappal a megkezdése előtt kell bejelenteni.
Milyen szakokon kell leadni a 2.sz. kérelmet?;A 2.sz. kérelmet csak a villamosmérnöki és egészségügyi mérnöki MSc szakokon kell leadni.
Mikor van a legkésőbbi időpont a 2.sz. kérelem leadására?;A 2.sz. kérelem legkésőbbi leadási időpontja 2023. július 28.
Milyen formában lehet a kérelmet leadni?;A kérelmet elektronikusan, beszkennelve az aláírt változatot lehet leadni.
Mikor kell a gyakorlatot bejelenteni?;A gyakorlatot legalább 1 hónappal a megkezdése előtt kell bejelenteni.
Mikor kell a kérelmet leadni?;A kérelmet a nyári időszakra, legkésőbb 2023. július 28-ig kell leadni.
Hogyan lehet a kérelmet elektronikusan beküldeni?;A kérelmet beszkennelve, az aláírt változatot kell elektronikusan beküldeni.
Milyen időszakra vonatkozik a kérelem leadásának határideje?;A kérelem leadásának határideje a nyári időszakra vonatkozik.
Ki a kapcsolattartó a gyakorlat megkezdése előtt?;A gyakorlat megkezdése előtt a kapcsolattartó dr. Blázovics László.
Hogyan kell a kérelmet aláírni?;A kérelmet aláírva, majd beszkennelve kell beküldeni.
Mi a határideje a gyakorlat bejelentésének?;A gyakorlat bejelentésének határideje legalább 1 hónappal a megkezdése előtt van.
Mikor kell a gyakorlatot legkésőbb bejelenteni?;A gyakorlatot legalább 1 hónappal a megkezdése előtt kell legkésőbb bejelenteni.
Mikor van a határidő a kérelem leadására?;A kérelem leadásának határideje 2023. július 28.
Milyen szakokon kell a kérelmet leadni?;A kérelmet a villamosmérnöki és egészségügyi mérnöki MSc szakokon kell leadni.
Hogyan kell a kérelmet beküldeni?;A kérelmet beszkennelve, az aláírt változatot kell beküldeni.
Mikor kell a kérelmet legkésőbb leadni?;A kérelmet legkésőbb 2023. július 28-ig kell leadni.
Hogyan lehet kapcsolatba lépni a gyakorlat felelősével?;A gyakorlat felelősével az alábbi e-mail címen lehet kapcsolatba lépni: blazovics.laszlo@vik.bme.hu.
Mikor érvényes az alapképzés szakmai gyakorlatának szabályzata?;A szabályzat érvényes a tanulmányaikat 2014 szeptemberében vagy azután kezdett hallgatók esetére.
Mikor fogadta el a Kari Tanács a szabályzatot?;A Kari Tanács 2008. január 15-i ülésén fogadta el a szabályzatot.
Mikor módosították a szabályzatot?;A szabályzatot 2017. március 21-i ülésén módosították.
Milyen jogszabályok és dokumentumok kapcsolódnak a szabályzathoz?;A szabályzathoz kapcsolódó jogszabályok és dokumentumok a tartalomjegyzék 1. pontjában találhatók.
Mi a szabályzat hatásköre?;A szabályzat hatásköre a tartalomjegyzék 2. pontjában található.
Mi a szakmai gyakorlat célja?;A szakmai gyakorlat célja a tartalomjegyzék 3. pontjában található.
Hol és milyen témában lehet a szakmai gyakorlatot végezni?;A szakmai gyakorlat gyakorlóhelyei és témái a tartalomjegyzék 4. pontjában találhatók.
Mikor lehet a szakmai gyakorlatot végezni?;A szakmai gyakorlat időpontjai a tartalomjegyzék 5. pontjában találhatók.
Hogyan lehet a szakmai gyakorlatot felvenni a Neptun rendszerben?;A szakmai gyakorlat felvételének módja a Neptun rendszerben a tartalomjegyzék 6. pontjában található.
Hogyan lehet jelentkezni a szakmai gyakorlatra?;A szakmai gyakorlatra való jelentkezés menete a tartalomjegyzék 7. pontjában található.
Hogyan kell végrehajtani a szakmai gyakorlatot?;A szakmai gyakorlat végrehajtásának módja a tartalomjegyzék 8. pontjában található.
Hogyan történik a szakmai gyakorlat elfogadása és értékelése?;A szakmai gyakorlat elfogadásának és értékelésének módja a tartalomjegyzék 9. pontjában található.
Mik a tanszékek feladatai a szakmai gyakorlat kapcsán?;A tanszékek feladatai a szakmai gyakorlat kapcsán a tartalomjegyzék 10. pontjában találhatók.
Mik a kari szakmaigyakorlat-felelős feladatai?;A kari szakmaigyakorlat-felelős feladatai a tartalomjegyzék 11. pontjában találhatók.
Mik a mellékletek a szabályzathoz?;A szabályzat mellékletei a dokumentum végén találhatók.
Hogyan lehet kérelmezni együttműködési megállapodás megkötését?;Együttműködési megállapodás megkötését a mellékletekben található 1. számú kérelem segítségével lehet kérelmezni.
Hogyan lehet kérelmezni a hallgató által megjelölt téma és gyakorlóhely elfogadását?;A hallgató által megjelölt téma és gyakorlóhely elfogadását a mellékletekben található 2. számú kérelem segítségével lehet kérelmezni.
Hogyan lehet jelentkezni a tanszék által meghirdetett témára és gyakorlóhelyre?;A tanszék által meghirdetett témára és gyakorlóhelyre a mellékletekben található 3. számú jelentkezési lap segítségével lehet jelentkezni.
Hogyan lehet feladatlapot készíteni a szakmai gyakorlaton elvégzendő munkához?;Feladatlapot a szakmai gyakorlaton elvégzendő munkához a mellékletekben található 4. számú feladatlap segítségével lehet készíteni.
Hogyan lehet igazolást kapni a szakmai gyakorlat elvégzéséről?;Igazolást a szakmai gyakorlat elvégzéséről a mellékletekben található 5. számú igazoló lap segítségével lehet kapni.
Hogyan lehet kérelmezni külföldi szakmai gyakorlat elvégzését?;Külföldi szakmai gyakorlat elvégzését a mellékletekben található 6. számú kérelem segítségével lehet kérelmezni.
Mikor bocsátható a hallgató záróvizsgára?;A hallgató a végbizonyítvány megszerzését követően bocsátható záróvizsgára.
Milyen rendelet szabályozza a felsőoktatási szakképzést?;A Kormány 230/2012. (VIII. 28.) Korm. rendelete szabályozza a felsőoktatási szakképzést.
Milyen törvény szabályozza a szakképzési hozzájárulást?;2011. évi CLV. Törvény szabályozza a szakképzési hozzájárulást.
Milyen törvény szabályozza a szövetkezeteket?;2006. évi X. törvény szabályozza a szövetkezeteket.
Milyen rendelet szabályozza a képzési és kimeneti követelményeket?;18/2016. (VIII. 5.) EMMI rendelet szabályozza a képzési és kimeneti követelményeket.
Mennyi időtartamú a szakmai gyakorlat a villamosmérnöki alapképzési szakon?;A szakmai gyakorlat a villamosmérnöki alapképzési szakon legalább hat hét időtartamú.
Mennyi időtartamú a szakmai gyakorlat a mérnökinformatikus alapképzési szakon?;A szakmai gyakorlat a mérnökinformatikus alapképzési szakon legalább nyolc hét időtartamú.
Mikor lett elfogadva a Kari Tanácsi határozat a villamosmérnöki BSc képzés szakmai gyakorlatának megvalósításáról?;A Kari Tanácsi határozat a villamosmérnöki BSc képzés szakmai gyakorlatának megvalósításáról 2007. június 26-án lett elfogadva.
Mikor lett elfogadva a Kari Tanácsi határozat a Villamosmérnöki Szakon a szakmai gyakorlat lebonyolításának előkészületeiről?;A Kari Tanácsi határozat a Villamosmérnöki Szakon a szakmai gyakorlat lebonyolításának előkészületeiről 2007. november 13-án lett elfogadva.
Mire terjed ki a szabályzat hatásköre?;A szabályzat hatásköre kiterjed a BME Villamosmérnöki és Informatikai Karán a villamosmérnöki alapképzési szakon.
Milyen a szakmai gyakorlat kritérium követelménye?;A szakmai gyakorlat kritérium követelmény a képzési és kimeneti követelmények eltérő rendelkezésének hiányában.
Mennyi időtartamú a szakmai gyakorlat?;A szakmai gyakorlat időtartama függ a képzéstől, a villamosmérnöki alapképzési szakon legalább hat hét, mérnökinformatikus alapképzési szakon legalább nyolc hét.
Hogyan szervezett a szakmai gyakorlat?;A szakmai gyakorlat szakmai gyakorlóhelyen szervezett gyakorlat.
Mikor hatályos a BME tanulmányi és vizsgaszabályzata?;A BME tanulmányi és vizsgaszabályzata 2017.03.01-én hatályos.
Mikor állít ki végbizonyítványt a hallgató?;A végbizonyítványt a hallgató a szakmai gyakorlat befejezése után állítja ki.
Milyen a szakmai gyakorlat szervezése a BME-n?;A szakmai gyakorlat szervezése a BME-n szakmai gyakorlóhelyen történik.
Milyen képzési és kimeneti követelmények vannak a BME-n?;A képzési és kimeneti követelmények a BME-n a 18/2016. (VIII. 5.) EMMI rendelet szerint történnek.
Mikor kell megszerezni a végbizonyítványt?;A végbizonyítványt a záróvizsga előtt kell megszerezni.
Mikor bocsátható a hallgató záróvizsgára a BME-n?;A hallgató a BME-n a végbizonyítvány megszerzését követően bocsátható záróvizsgára.
Mikor van a szakmai gyakorlat a villamosmérnöki alapképzési szakon?;A szakmai gyakorlat időpontja a villamosmérnöki alapképzési szakon a képzési tervben van meghatározva.
Mikor van a szakmai gyakorlat a mérnökinformatikus alapképzési szakon?;A szakmai gyakorlat időpontja a mérnökinformatikus alapképzési szakon a képzési tervben van meghatározva.
Mennyi idő a szakmai gyakorlat a BME-n?;A szakmai gyakorlat időtartama a BME-n függ a képzéstől, a villamosmérnöki alapképzési szakon legalább hat hét, mérnökinformatikus alapképzési szakon legalább nyolc hét.
Mikor kell a végbizonyítványt kiállítani?;A végbizonyítványt a szakmai gyakorlat befejezése után kell kiállítani.
Mikor kell a szakmai gyakorlatot elvégezni?;A szakmai gyakorlatot a képzési tervben meghatározott időpontban kell elvégezni.
Mikor fogadták el a szabályzatot?;A szabályzatot 2007. november 13-án fogadták el.
Mely képzésekre terjed ki a szabályzat hatálya?;A szabályzat hatálya a BME Villamosmérnöki és Informatikai Karán, a villamosmérnöki és a mérnökinformatikus alapképzési szakon részt vevő hallgatókra terjed ki.
Mikor lép életbe a szabályzat?;A szabályzat a Kari Tanács elfogadó határozata után lép életbe.
Milyen gyakran kell felülvizsgálni a szabályzatot?;A szabályzatot, a szerzett tapasztalatok alapján, évente felül kell vizsgálni.
Mi a szakmai gyakorlat célja?;A szakmai gyakorlat célja az elméleti és gyakorlati ismeretek összekapcsolása, a munkavállalói kompetenciák fejlesztése, az anyag-eszköz-technológiai ismeretek és gyakorlati jártasságok fejlesztése, valamint az innovációs készség fejlesztése.
Mennyi időt vesz igénybe a szakmai gyakorlat?;A szakmai gyakorlat 6 vagy 8 hétig (240/320 munkaóra) tart.
Ki határozza meg a hallgató szakmai gyakorlati feladatát?;A hallgató szakmai gyakorlati feladatát a tanszéki felelős és a gyakorlóhelyi konzulens határozza meg.
Milyen témákhoz kapcsolódhat a hallgató szakmai gyakorlati feladata?;A hallgató szakmai gyakorlati feladata kapcsolódhat a szakdolgozatához, TDK dolgozatához, önálló laboratóriumi feladatához, de azoktól jól elkülöníthetőnek kell lennie.
Hogyan választja ki a kar a szakmai gyakorlat helyszínét?;A kar a szakmai gyakorlat helyszínét együttműködési megállapodás alapján választja ki.
Köt-e a kar együttműködési megállapodást a gyakorlóhelyekkel?;Igen, a kar együttműködési megállapodást köt a gyakorlóhelyekkel.
Köt-e a kar együttműködési megállapodást az iskolaszövetkezetekkel?;Igen, a kar együttműködési megállapodást köt az iskolaszövetkezetekkel a szakmai gyakorlat szervezésével kapcsolatos feladatok ellátására.
Lehet-e külföldön is szakmai gyakorlatot végezni?;Igen, a szabályzat nem zárja ki a külföldön végzett szakmai gyakorlatot.
Mi történik, ha a hallgató nem tudja teljesíteni a szakmai gyakorlatot?;A szabályzat nem tér ki erre a kérdésre, ezért ezt a kérdést a Kari Tanácsnak kell megválaszolnia.
Mi a szerepe a tanszéki felelősnek a szakmai gyakorlatban?;A tanszéki felelősnek szerepe van a hallgató szakmai gyakorlati feladatának meghatározásában.
Mi a szerepe a gyakorlóhelyi konzulensnek a szakmai gyakorlatban?;A gyakorlóhelyi konzulensnek szerepe van a hallgató szakmai gyakorlati feladatának meghatározásában.
Milyen kompetenciákat fejleszt a szakmai gyakorlat?;A szakmai gyakorlat a munkavállalói kompetenciákat, az anyag-eszköz-technológiai ismereteket és gyakorlati jártasságokat, valamint az innovációs készséget fejleszti.
Mikor kezdődik a szakmai gyakorlat?;A szakmai gyakorlat a 2014/2015 tanév első félévétől kezdődik.
Milyen gyakran kell a szakmai gyakorlatot végezni?;A szabályzat nem tér ki erre a kérdésre, ezért ezt a kérdést a Kari Tanácsnak kell megválaszolnia.
Milyen szakokon kell szakmai gyakorlatot végezni?;A villamosmérnöki és a mérnökinformatikus alapképzési szakon kell szakmai gyakorlatot végezni.
Milyen formában zajlik a szakmai gyakorlat?;A szakmai gyakorlat a gyakorlóhelyen, munkakörben zajlik, ahol a hallgató a tanszéki felelős és a gyakorlóhelyi konzulens által meghatározott feladatot old meg.
Milyen feltételekkel lehet külföldön szakmai gyakorlatot végezni?;A szabályzat nem tér ki erre a kérdésre, ezért ezt a kérdést a Kari Tanácsnak kell megválaszolnia.
Mi történik, ha a hallgató nem felel meg a szakmai gyakorlat követelményeinek?;A szabályzat nem tér ki erre a kérdésre, ezért ezt a kérdést a Kari Tanácsnak kell megválaszolnia.
Milyen szerepet játszik az iskolaszövetkezet a szakmai gyakorlat szervezésében?;Az iskolaszövetkezet a szakmai gyakorlat szervezésével kapcsolatos feladatokat lát el, ezzel segítve a kar és a gyakorlóhelyek közötti együttműködést.
Mikor kezdheti meg a hallgató a szakmai gyakorlatát?;A hallgató akkor kezdheti meg a szakmai gyakorlatát, ha a szakmai gyakorlóhely, az iskolaszövetkezet és a kar között együttműködési megállapodás van érvényben.
Hogyan értesülhetnek a hallgatók a gyakorlóhelyekről és témákról?;A gyakorlóhelyekről és témákról a tanszéki összesítés készül, amit a tanszékek honlapjain tesznek közzé.
Ki felelős a témaválasztás nyilvántartásáért?;A témaválasztás nyilvántartásáért a tanszéki szakmaigyakorlat-felelős felel.
Hogyan választhatnak a hallgatók gyakorlóhelyet és témát?;A hallgatók maguk választhatnak gyakorlóhelyet és témát, amennyiben a megfelelő feltételek teljesülnek.
Hol végezhető a szakmai gyakorlat?;A szakmai gyakorlat belföldön csak olyan gyakorlóhelyen végezhető, mellyel a kar együttműködési megállapodást kötött.
Milyen együttműködési megállapodásokról van szó?;Az együttműködési megállapodások a gyakorlóhelyekkel és az iskolaszövetkezetekkel kötött szerződések.
Hol található a gyakorlóhelyek listája?;A gyakorlóhelyek listáját a kar honlapján teszik közzé.
Mikor nem szükséges együttműködési megállapodás?;Együttműködési megállapodás nem szükséges a külföldön végzett gyakorlat esetén.
Milyen témakörökben lehet szakmai gyakorlatot végezni?;A szakmai gyakorlat témái a specializációkat/ágazatokat gondozó tanszékek által ajánlott témák közül választhatók.
Hogyan zajlik a jelentkezés menete?;A jelentkezés menetét a 7. pont tartalmazza.
Ki segít a témák összegyűjtésében?;A témák összegyűjtésében a kar számít együttműködésre a VIK-HK-val és a Simonyi Károly Szakkollégiummal is.
Hol találhatók a tanszékek által felajánlott gyakorlóhelyek és témák?;A tanszékek által felajánlott gyakorlóhelyek és témák a tanszékek honlapjain találhatók.
Ki ajánl fel szakmai gyakorlati témákat, gyakorlóhelyeket?;A szakmai gyakorlati témákat, gyakorlóhelyeket a specializációkat/ágazatokat gondozó tanszékek ajánlanak fel.
Milyen gyakorlati témák közül választhatnak a hallgatók?;A hallgatók a karral kapcsolatban álló szakmai gyakorlóhelyek tanszéki szakterületbe illő gyakorlati témái közül választhatnak.
Milyen feltételek teljesülése esetén fogadja el a kar, ha a hallgató maga választja meg a szakmai gyakorlat gyakorlóhelyét és témáját?;A kar akkor fogadja el, ha a hallgató maga választja meg a szakmai gyakorlat gyakorlóhelyét és témáját, ha a megfelelő feltételek teljesülnek.
Milyen szerepe van a szövetkezeteknek a gyakorlat végzésében?;A szövetkezetek lehetőséget biztosítanak a gyakorlat végzésére.
Milyen törvény szól a szövetkezetekről?;A szövetkezetekről a 2006. évi X. törvény szól.
Ki köt gyüttműködési megállapodást a gyakorlóhelyekkel?;A gyüttműködési megállapodást a kar köti a gyakorlóhelyekkel.
Milyen szerepe van a Simonyi Károly Szakkollégiumnak a témák összegyűjtésében?;A Simonyi Károly Szakkollégium segít a témák összegyűjtésében.
Mikor kell benyújtani a kérelmet a külföldi szakmai gyakorlat elvégzéséhez?;A kérelmet a gyakorlat megkezdése előtt legalább egy hónappal kell benyújtani a kari felelőshöz.
Hogyan lehet szakmai gyakorlatot végezni iskolaszövetkezeten keresztül?;A 2006. évi X. törvény módosítása lehetővé teszi a szakmai gyakorlat végzését iskolaszövetkezeten keresztül.
Ki állítja ki a gyakorlat elvégzését bizonyító igazolásokat?;A gyakorlat elvégzését bizonyító igazolásokat a szakmai gyakorlóhely állítja ki, nem az iskolaszövetkezet.
Mi a feltétele a szakmai gyakorlat megkezdésének?;A szakmai gyakorlatot csak akkor kezdheti meg a hallgató, ha a kar és a szakmai gyakorlóhely, valamint az iskolaszövetkezet együttműködési megállapodást kötött.
Milyen időtartamú a külföldön végzett szakmai gyakorlat?;A külföldön végzett szakmai gyakorlat időtartama általában összefüggő, legalább hat, illetve nyolc hét.
Mit jelent a szakmai gyakorlat 5.1–5.3. pontokban részletezett időpontjai?;A szakmai gyakorlat 5.1–5.3. pontokban részletezett időpontjai egyben javasolt preferencia sorrendet is jelentenek.
Kell-e együttműködési megállapodást kötni külföldön végzett szakmai gyakorlat esetén?;Külföldön végzett szakmai gyakorlat esetén együttműködési megállapodás megkötése nem kötelező, de lehetséges.
Milyen feladatlapot kell kitölteni a szakmai gyakorlat végzéséhez?;A szakmai gyakorlat végzéséhez a 4. melléklet szerinti feladatlapot kell kitölteni.
Ki hagyja jóvá a szakmai gyakorlat témáját?;A szakmai gyakorlat témáját a tanszéki szakmaigyakorlat-felelős hagyja jóvá.
Hogyan kötődik a szakmai gyakorlat a hallgató szakdolgozatához?;A szakmai gyakorlat elsősorban a választott specializációhoz, illetve a hallgató szakdolgozat, TDK dolgozat vagy önálló laboratóriumi témájához kötődik.
Mikor kell együttműködési megállapodást kötni?;Az együttműködési megállapodást a szakmai gyakorlat megkezdése előtt kell kötni.
Ki dönt a külföldi gyakorlóhely alkalmasságáról?;A kari felelős dönt a külföldi gyakorlóhely alkalmasságáról.
Ki dönt a szakmai gyakorlat téma alkalmasságáról?;A tanszéki felelős dönt a szakmai gyakorlat téma alkalmasságáról.
Mikor fogadható el a szakmai gyakorlat?;A szakmai gyakorlat csak akkor fogadható el, ha a gyakorlat elvégzését bizonyító igazolásokat a szakmai gyakorlóhely állítja ki.
Milyen időpontokban lehet szakmai gyakorlatot végezni?;A szakmai gyakorlat időpontjai a 5.1–5.3. pontokban részletezett időpontok.
Mikor kezdheti meg a hallgató a szakmai gyakorlatát?;A hallgató a szakmai gyakorlatát csak akkor kezdheti meg, amennyiben a kar a szakmai gyakorlóhellyel és az iskolaszövetkezettel együttműködési megállapodást kötött.
Milyen időtartamú a szakmai gyakorlat?;A szakmai gyakorlat időtartama általában összefüggő, legalább hat, illetve nyolc hét.
Mikor kell benyújtani a külföldi szakmai gyakorlat kérelmét?;A külföldi szakmai gyakorlat kérelmét a gyakorlat megkezdése előtt legalább egy hónappal kell benyújtani.
Mikor kell jóváhagyatni a szakmai gyakorlat témáját?;A szakmai gyakorlat témáját a gyakorlat megkezdése előtt kell jóváhagyatni.
Mi a szakmai gyakorlat célja?;A szakmai gyakorlat célja a választott specializációhoz, illetve a hallgató szakdolgozat, TDK dolgozat vagy önálló laboratóriumi témájához kapcsolódó gyakorlati ismeretek elsajátítása.
Mikor kell együttműködési megállapodást kötni a gyakorlóhellyel?;Az együttműködési megállapodást a szakmai gyakorlat megkezdése előtt kell kötni a gyakorlóhellyel.
Hogyan döntik el, hogy a gyakorlóhely alkalmas-e a szakmai gyakorlatra?;A gyakorlóhely alkalmasságáról a kari felelős dönt.
Mikor lehet megkezdeni a szakmai gyakorlatot?;A szakmai gyakorlatot akkor lehet megkezdeni, ha a kar és a szakmai gyakorlóhely, valamint az iskolaszövetkezet együttműködési megállapodást kötött.
Mikor kell megkezdeni a nyári szakmai gyakorlatot?;A nyári szakmai gyakorlatot ajánlatos a vizsgaidőszak befejezése utáni hét első munkanapján kezdeni.
Milyen hosszú a villamosmérnöki BSc szakmai gyakorlat?;A villamosmérnöki BSc szakmai gyakorlat hat hétig tart.
Milyen hosszú a mérnökinformatikus BSc szakmai gyakorlat?;A mérnökinformatikus BSc szakmai gyakorlat nyolc hétig tart.
Honnan választhatnak a hallgatók a szakmai gyakorlat témáját?;A hallgatók a tanszékek által felajánlott gyakorlóhelyi témák közül választhatnak.
Mit kell biztosítani a Budapesten vagy környékén végzett nyári szakmai gyakorlat idejére?;A Budapesten vagy környékén végzett nyári szakmai gyakorlat idejére biztosítani kell a kollégiumi elhelyezést a távoli lakhelyű hallgatók számára.
Mit kell tenni, ha a gyakorlóhely távol esik a hallgató lakhelyétől?;Ha a gyakorlóhely távol esik a hallgató lakhelyétől, törekedni kell arra, hogy a gyakorlat idejére a gyakorlóhely a hallgatóknak szállást biztosítson.
Mikor végezhető el a szakmai gyakorlat a szorgalmi időszakban?;A szakmai gyakorlat a szorgalmi időszakban is elvégezhető, a specializációra kerülés után.
Mennyi a maximálisan engedélyezhető heti munkamennyiség a szorgalmi időszakban?;A maximálisan engedélyezhető heti munkamennyiség a szorgalmi időszakban 20 óra.
Mikor pótolandó a szorgalmi időszakban kiesett szakmai gyakorlati idő?;A szorgalmi időszakban kiesett szakmai gyakorlati idő a pótlási héten pótolandó.
Hogyan kell elkülöníteni a szakmai gyakorlatot a szakdolgozattól?;A szakmai gyakorlatnak a szakdolgozattól jól elkülöníthetőnek kell lennie.
Mikor ajánlatos a szakmai gyakorlat témájának a szakdolgozat témájához kapcsolódni?;Ajánlatos, de nem kötelező, hogy a szorgalmi időszakban végzett szakmai gyakorlat témája a szakdolgozat témájához kapcsolódjon.
Milyen hosszú ideig tart a szakmai gyakorlat?;A szakmai gyakorlat hat, illetve nyolc hétig, vagy ezeknél hosszabb ideig tart.
Mikor kezdődik a szakmai gyakorlat a mintatanterv szerint?;A szakmai gyakorlat a mintatanterv szerint a 6. és 7. félév közötti nyáron kezdődik.
Mikor kezdődik a szakmai gyakorlat a szorgalmi időszakban?;A szakmai gyakorlat a szorgalmi időszakban a specializációra kerülés után kezdődik.
Milyen lehetőségek vannak a szakmai gyakorlat témájának kiválasztására?;A hallgatók választhatnak a tanszékek által felajánlott gyakorlóhelyi témák közül, folytathatják önálló laboratóriumi témájukat, vagy készülhetnek a következő félévi szakdolgozat írására.
Milyen tevékenységeket végezhetnek a hallgatók a szakmai gyakorlat ideje alatt?;A hallgatók a szakmai gyakorlat ideje alatt főleg a tanszékek által felajánlott gyakorlóhelyi témák közül választhatnak, de folytathatják önálló laboratóriumi témájukat, készülhetnek a következő félévi szakdolgozat írására, illetve előkészíthetik esetleges TDK dolgozatukat is, gyakorlati orientációval.
Milyen hosszú ideig tart a szakmai gyakorlat a mérnökinformatikus BSc szakon?;A mérnökinformatikus BSc szakon a szakmai gyakorlat nyolc hétig tart.
Milyen hosszú ideig tart a szakmai gyakorlat a villamosmérnöki BSc szakon?;A villamosmérnöki BSc szakon a szakmai gyakorlat hat hétig tart.
Milyen hosszú ideig tart a szakmai gyakorlat a szorgalmi időszakban?;A szakmai gyakorlat a szorgalmi időszakban a specializációra kerülés után kezdődik, és a maximálisan engedélyezhető heti munkamennyiség 20 óra.
Mennyi a maximális heti munkaóra a szakmai gyakorlat során a szorgalmi időszakban?;A szorgalmi időszakban a maximálisan engedélyezhető heti munkamennyiség a szakmai gyakorlat során 20 óra.
Mikor kell befejezni a szakmai gyakorlatot?;A szakmai gyakorlatot a mintatanterv szerinti 7. félév után kell befejezni.
Mikor kaphat a hallgató végbizonyítványt?;A hallgató csak akkor kaphat végbizonyítványt, ha a szakmai gyakorlatot teljesítette.
Mennyi ideig tart a szakmai gyakorlat?;A szakmai gyakorlat időtartama hat, illetve nyolc hét lehet.
Hogyan kell felvenni a 'Szakmai gyakorlat' tantárgyat a Neptun rendszerben?;A 'Szakmai gyakorlat' tantárgyat a hallgató specializációjának, ezen belül az ágazatának (ha van ilyen) megfelelő 'Szakmai gyakorlat' tantárgyat kell felvenni a Neptun rendszerben.
Mikor lehet felvenni a szorgalmi időszakban befejezett gyakorlat tantárgyát?;A szorgalmi időszakban befejezett gyakorlat tantárgyát az adott félévben lehet leghamarabb felvenni.
Mikor lehet felvenni a nyári időszakban befejezett szakmai gyakorlat tantárgyát?;A nyári időszakban befejezett szakmai gyakorlat tantárgyát az azt követő őszi félévben lehet leghamarabb felvenni.
Hol találhatók a jelentkezési lapok és az együttműködési megállapodás minták?;A jelentkezési lapok és az együttműködési megállapodás minták a tanszéki illetve kari honlapról tölthetők le.
Lehet-e elektronikusan is leadni a jelentkezési lapokat?;Igen, a jelentkezési lapok elektronikusan is leadhatók.
Elfogadható-e a szakmai gyakorlat utólagos elfogadása?;Nem, a szakmai gyakorlat utólagos elfogadására nincs lehetőség.
Hogyan kell jelentkezni a tanszékek által felkínált gyakorlóhelyeken végzendő gyakorlatra?;A tanszéki felelősnél kell a gyakorlatra jelentkezni a 3. melléklet szerinti jelentkezési lap kitöltésével a gyakorlat tervezett megkezdése előtt két héttel.
Mi történik, ha egy témára többen jelentkeznek?;Ha egy témára többen jelentkeznek, a tanszéki felelős dönt az érdekeltek bevonásával a téma odaítéléséről.
Mikor történik meg a gyakorlat során tervezett munkák odaítélése?;A gyakorlat során tervezett munkák odaítélése a téma odaítélésével együtt, vagy közvetlenül után történik.
Mikor lehet elvégezni a szakmai gyakorlatot, ha a hallgató a mintatanterv szerinti 7. félév lezárásáig nem teljesítette azt?;Ha a hallgató a mintatanterv szerinti 7. félév lezárásáig nem teljesítette a szakmai gyakorlatot, lehetősége van azt azután is elvégezni.
Mi történik, ha a hallgató nem teljesíti a szakmai gyakorlatot?;Ha a hallgató nem teljesíti a szakmai gyakorlatot, nem kaphat végbizonyítványt.
Mikor kell a szakmai gyakorlat témáját elkülöníteni a szakdolgozat témájától?;A szakmai gyakorlat témáját mindenképpen jól elkülöníthetően kell megjeleníteni a szakdolgozat témájától.
Hogyan kell a szakmai gyakorlat témáját elkülöníteni a szakdolgozat témájától?;A szakmai gyakorlat témáját úgy kell elkülöníteni a szakdolgozat témájától, hogy azok kapcsolódjanak, de jól elkülöníthetőek legyenek.
Mi a szakmai gyakorlat időtartama a megfelelő szakokon?;A szakmai gyakorlat időtartama a megfelelő szakokon hat, illetve nyolc hét.
Mikor kell a gyakorlatra jelentkezni a tanszéki felelősnél?;A gyakorlatra a tanszéki felelősnél a gyakorlat tervezett megkezdése előtt két héttel kell jelentkezni.
Mi történik, ha a hallgató a jelentkezési határidő után jelentkezik a szakmai gyakorlatra?;Ha a hallgató a jelentkezési határidő után jelentkezik a szakmai gyakorlatra, a jelentkezését nem fogadják el.
Lehet-e utólag elfogadni a szakmai gyakorlatot?;Nem, a szakmai gyakorlat utólagos elfogadására nincs lehetőség.
Hol lehet letölteni a jelentkezési lapot és az együttműködési megállapodás mintát?;A jelentkezési lapot és az együttműködési megállapodás mintát a tanszéki illetve kari honlapról lehet letölteni.
Mi történik, ha többen jelentkeznek ugyanarra a témára?;Ha többen jelentkeznek ugyanarra a témára, a tanszéki felelős dönt az érdekeltek bevonásával a téma odaítéléséről.
Ki dönti el, hogy melyik hallgató melyik témát kapja?;A témákat a tanszéki felelős ítéli oda az érdekeltek bevonásával.
Mikor kell a feladatlapot véglegesíteni?;A feladatlap véglegesítésének határideje a szakmai gyakorlat tervezett megkezdése előtt 1 hét.
Ki összeállítja a tervezett munkákat?;A tervezett munkákat a tanszéki felelős és a gyakorlóhelyi konzulens közösen állítja össze.
Mikor kell a gyakorlatot megkezdeni?;A gyakorlatot a feladatlap véglegesítése után kell megkezdeni.
Ki koordinálja a hallgató gyakorlatát?;A hallgató gyakorlatát a tanszéki szakmaigyakorlat-felelős koordinálja.
Mikor kell beadni a kérelmet az együttműködési megállapodás megkötéséhez?;A kérelmet úgy kell beadni, hogy az együttműködési megállapodás aláírásra kerüljön a gyakorlat tervezett megkezdése előtt legalább egy héttel.
Ki készíti elő az együttműködési megállapodást?;Az együttműködési megállapodást a tanszéki szakmaigyakorlat-felelős készíti elő.
Mikor kell aláírni az együttműködési megállapodást?;Az együttműködési megállapodást a gyakorlat tervezett megkezdése előtt legalább egy héttel kell aláírni.
Mikor kell benyújtani a feladatlapot érvényben lévő együttműködési megállapodás esetén?;Érvényben lévő együttműködési megállapodás esetén a feladatlapot a gyakorlati munka megkezdése előtt egy héttel kell benyújtani.
Milyen információkat kell tartalmaznia a feladatlapon?;A feladatlapnak tartalmaznia kell a gyakorlóhely adatait és az elvégzendő gyakorlati munka részletes leírását.
Ki dönt a téma odaítéléséről?;A téma odaítéléséről a lelős dönt az érdekeltek bevonásával.
Hogyan kell dokumentálni a munkákat?;A munkákat a 4. melléklet szerinti feladatlapon kell dokumentálni.
Ki jelölhet ki tanszéki konzulenst?;Tanszéki konzulenst a tanszéki szakmaigyakorlat-felelős jelölhet ki.
Hogyan kell jelentkezni a saját gyakorlóhelyen végzendő gyakorlatra?;A saját gyakorlóhelyen végzendő gyakorlatra a 4. melléklet szerinti feladatlap kitöltésével és beadásával kell jelentkezni.
Mikor kell beadni a kérelmet az együttműködési megállapodás megkötéséhez?;Az együttműködési megállapodás megkötéséhez a kérelmet úgy kell beadni, hogy az aláírásra kerüljön a gyakorlat tervezett megkezdése előtt legalább egy héttel.
Mit jelent az, hogy a tanszéki felelős eljuttatja a gyakorlóhelynek az együttműködési megállapodást aláírásra?;Ez azt jelenti, hogy a tanszéki felelős elkészíti az együttműködési megállapodást, és elküldi a gyakorlóhelynek, hogy aláírják.
Mit kell tenni, ha már van érvényben együttműködési megállapodás?;Ha már van érvényben együttműködési megállapodás, akkor a 4. melléklet szerinti feladatlapot kell benyújtani a tanszéki szakmai gyakorlat felelőshöz.
Mit kell tenni, ha nincs érvényben együttműködési megállapodás?;Ha nincs érvényben együttműködési megállapodás, akkor kérvényezni kell annak megkötését a tanszéki szakmaigyakorlat-felelősnél.
Ki írja alá az együttműködési megállapodást?;Az együttműködési megállapodást a tanszéki felelős, a tanszékvezető és a dékán írja alá.
Mi történik az aláírt együttműködési megállapodás példányokkal?;Az aláírt együttműködési megállapodás példányok visszaérkezése után a tanszéki felelős intézkedik a tanszékvezetői és a dékáni aláíratásról.
Mikor kell beadni a feladatlapot?;A feladatlap leadásának határideje a gyakorlati munka megkezdése előtt egy hét.
Mit kell tenni, ha nincs érvényben együttműködési megállapodás a gyakorlóhellyel?;Ebben az esetben kérvényezni kell a megállapodás megkötését a tanszéki szakmaigyakorlat-felelősnél.
Mit kell tenni, ha nincs érvényben együttműködési megállapodás az iskolaszövetkezettel?;Ebben az esetben is kérvényezni kell a megállapodás megkötését a tanszéki szakmaigyakorlat-felelősnél.
Hogyan kell benyújtani a kérelmet az együttműködési megállapodás megkötésére?;A kérelmet az 1. melléklet szerinti kérelem kitöltésével és beadásával kell benyújtani.
Külön kell-e benyújtani a kérelmet a gyakorlóhelyre és az iskolaszövetkezetre?;Igen, külön kell benyújtani a kérelmet a gyakorlóhelyre és az iskolaszövetkezetre, ha egyikkel sincs érvényes együttműködési megállapodás.
Mikor kell benyújtani a kérelmet az együttműködési megállapodás megkötésére?;A kérelmet úgy kell benyújtani, hogy az együttműködési megállapodás aláírásra kerüljön a gyakorlat tervezett megkezdése előtt legalább egy héttel.
Ki készíti elő az együttműködési megállapodást?;A kérelem alapján a tanszéki szakmaigyakorlat-felelős készíti elő az együttműködési megállapodást.
Mit tesz a tanszéki felelős az aláírt együttműködési megállapodások visszaérkezése után?;Az aláírt példányok visszaérkezése után a tanszéki felelős intézkedik a tanszékvezetői és a dékáni aláíratásról.
Mit kell tenni, ha már van érvényben lévő együttműködési megállapodás?;Érvényben lévő együttműködési megállapodás esetén a tanszéki szakmai gyakorlat felelőshöz kell benyújtani a 4. melléklet szerinti feladatlapot.
Mit tartalmaz a 4. melléklet szerinti feladatlap?;A 4. melléklet szerinti feladatlap tartalmazza a gyakorlóhely adatait valamint az elvégzendő gyakorlati munka részletes leírását.
Mikor kell beadni a 4. melléklet szerinti feladatlapot?;A 4. melléklet szerinti feladatlap leadásának határideje a gyakorlati munka megkezdése előtt egy hét.
Hogyan zajlik a szakmai gyakorlat a külföldön?;A külföldön végzendő szakmai gyakorlat esetén a kari felelős a felelős.
Hogyan történik a gyakorlóhely kiválasztása?;A gyakorlóhely kiválasztása a hallgató feladata, a tanszék pedig jóváhagyja azt.
Milyen dokumentumok szükségesek a gyakorlat megkezdéséhez?;A gyakorlat megkezdéséhez szükséges egy érvényes együttműködési megállapodás, valamint a 4. melléklet szerinti kitöltött és leadott feladatlap.
Mikor kell megkezdeni a gyakorlatot?;A gyakorlatot a megállapodás szerinti időpontban kell megkezdeni.
Milyen feladatokat kell ellátni a gyakorlat során?;A gyakorlat során a 4. melléklet szerinti feladatlapban meghatározott feladatokat kell ellátni.
Ki irányítja a gyakorlati munkát?;A gyakorlati munkát a gyakorlóhely irányítja, a tanszék pedig ellenőrzi azt.
Milyen dokumentumok szükségesek a gyakorlat befejezéséhez?;A gyakorlat befejezéséhez szükséges a gyakorlati munka részletes leírását tartalmazó dokumentum, valamint a gyakorlati munka értékelése.
Hogyan értékelik a gyakorlati munkát?;A gyakorlati munkát a gyakorlóhely értékeli, a tanszék pedig elfogadja azt.
Ki írja alá a gyakorlati munka értékelését?;A gyakorlati munka értékelését a gyakorlóhely vezetője írja alá.
Mit kell tenni, ha probléma merül fel a gyakorlat során?;Ha probléma merül fel a gyakorlat során, azt jelezni kell a tanszéki szakmai gyakorlat felelősnek.
Ki segít a gyakorlat során felmerülő kérdésekben?;A gyakorlat során felmerülő kérdésekben a tanszéki szakmai gyakorlat felelős tud segíteni.
Mikor kell leadni a feladatlapot a gyakorlat megkezdése előtt?;A gyakorlat megkezdése előtt egy héttel kell leadni a feladatlapot.
Hol kell engedélyeztetni a külföldön végzett szakmai gyakorlatot?;A kari felelősnél kell engedélyeztetni a külföldön végzett szakmai gyakorlatot.
Mikor kell beadni a kérelmet a gyakorlat megkezdése előtt?;A gyakorlat tervezett megkezdése előtt 1 hónappal kell beadni a kérelmet.
Mikor kell beadni a feladatlapot a gyakorlat megkezdése előtt?;A gyakorlat tervezett megkezdése előtt 1 héttel kell beadni a feladatlapot.
Ki állítja össze a szakmai gyakorlat során elvégzendő munkák listáját?;A tanszéki felelős és a gyakorlóhelyi konzulens állítja össze a szakmai gyakorlat során elvégzendő munkák listáját.
Mit kell vezetni a hallgatóknak a szakmai gyakorlat alatt?;A hallgatóknak a szakmai gyakorlat alatt napra lebontott munkanaplót kell vezetniük.
Ki igazolja a munkanapló hitelességét?;A munkanapló hitelességét a gyakorlóhelyi konzulens aláírásával igazolják.
Ki irányítja a hallgatókat a szakmai gyakorlat alatt?;A hallgatókat a szakmai gyakorlat alatt a gyakorlóhelyi konzulens irányítja.
Milyen szabályokat kell betartaniuk a hallgatóknak a szakmai gyakorlat alatt?;A hallgatóknak a szakmai gyakorlat alatt a gyakorlóhelyi baleset- és munkavédelmi szabályokat kell betartaniuk.
Milyen beszámolót kell készíteniük a hallgatóknak a szakmai gyakorlat végén?;A szakmai gyakorlat végén a hallgatóknak 15-20 oldalas írásos beszámolót kell készíteniük.
Milyen nyelveken lehet megírni a beszámolót?;A beszámolót a BME bármely oktatási nyelvén meg lehet írni (magyar, angol, francia, német és orosz nyelven).
Milyen nyelven kell megírni a beszámolót?;A beszámolót a BME bármely oktatási nyelvén meg lehet írni.
Ki igazolja a munkanaplót?;A munkanaplót a gyakorlóhelyi konzulens igazolja aláírásával.
Milyen feladatokat tartalmaz a feladatlap?;A feladatlap a szakmai gyakorlat során elvégzendő munkákat tartalmazza.
Milyen hosszú a beszámoló?;A beszámoló 15-20 oldalas.
Mit kell tenni a hallgatónak a szakmai gyakorlat alatt?;A hallgatónak a szakmai gyakorlat alatt napra lebontott munkanaplót kell vezetnie.
Mikor kell a gyakorlatot engedélyeztetni?;A gyakorlatot a tervezett megkezdése előtt kell engedélyeztetni.
Ki a felelős a szakmai gyakorlatért?;A szakmai gyakorlatért a tanszéki felelős és a gyakorlóhelyi konzulens a felelős.
Milyen nyelven lehet a beszámolót megírni?;A beszámolót magyar, angol, francia, német és orosz nyelven lehet megírni.
Ki írja alá a beszámolót?;A beszámolót a gyakorlóhelyi konzulens írja alá.
Mikor kell beadni a munkanaplót és a beszámolót?;A beadási határidőt a tanszéki szakmaigyakorlat-felelős határozza meg.
Ki igazolja a beszámolót?;A beszámolót a gyakorlóhelyi konzulens aláírásával igazolja.
Milyen dokumentumokat kell benyújtani a hallgatónak?;A hallgatónak a munkanaplót, a beszámolót és az értékelést kell benyújtania.
Ki végzi az értékelést?;Az értékelést a gyakorlóhelyi konzulens végzi.
Hol kell benyújtani a beszámolót és az értékelést?;A beszámolót és az értékelést a hallgató anyatanszékére kell benyújtani.
Ki dönt a beszámoló elfogadásáról?;A beszámoló elfogadásáról a tanszéki felelős dönt.
Hogyan igazolja a tanszéki felelős az elfogadást?;Az elfogadást a tanszéki felelős az aláírás bevitelével a Neptunba igazolja.
Ki jelölhet ki tanszéki szakmaigyakorlat-felelőst?;A tanszéki szakmaigyakorlat-felelőst a tanszék jelöli ki.
Milyen feladatokat lát el a tanszéki szakmaigyakorlat-felelős?;A tanszéki szakmaigyakorlat-felelős a szakmai gyakorlattal kapcsolatos feladatok koordinálását végzi.
Ki terjeszti elő a gyakorlóhelyekkel kötendő szerződéseket?;A gyakorlóhelyekkel kötendő szerződéseket a tanszék készíti elő, és a dékán elé terjeszti.
Mikor aktualizálják a szerződéseket?;A szerződéseket akkor aktualizálják, ha a szakmai gyakorlóhely nyilvántartott adataiban változás történik.
Hogy jutnak el a megállapodások adatai a kari felelős felé?;A megállapodások adatait a tanszék továbbítja a kari felelős felé.
Hol teszik közzé a szakmai gyakorlat témákat?;A szakmai gyakorlat témákat a tanszéki honlapon teszik közzé.
Milyen alapon értékelik a szakmai gyakorlatot?;A szakmai gyakorlatot az írásos beszámolók alapján értékelik.
Ki végzi a hallgatók besorolását?;A hallgatók besorolását a tanszék végzi.
Milyen feladatokat kell elvégeznie a gyakorlóhelyi konzulensnek?;A gyakorlóhelyi konzulensnek igazolnia kell a beszámolót, és értékelést kell készítenie.
Ki jelölhet ki tanszéki konzulenst a hallgató szakmai gyakorlatának ellenőrzésére?;A tanszéki konzulenst a tanszék jelölheti ki a hallgató szakmai gyakorlatának ellenőrzésére.
Ki terjeszti elő a szerződésmódosításokat?;A szerződésmódosításokat a tanszék készíti elő, és a dékán elé terjeszti.
Mikor kell benyújtani a munkanaplót?;A munkanaplót a tanszéki szakmaigyakorlat-felelős által meghatározott határidőben kell benyújtani.
Hogyan igazolja a tanszéki felelős a beszámoló elfogadását?;A tanszéki felelős az aláírás bevitelével a Neptunba igazolja a beszámoló elfogadását.
Ki a témavezető?;A témavezető lehet a hallgató szakdolgozatának, önálló laboratóriumának vagy TDK munkájának vezetője.
Hogyan értékelik a szakmai gyakorlatot?;Az írásos beszámolók alapján értékelik a szakmai gyakorlatot.
Hogyan döntenek a szakmai gyakorlat elfogadásáról?;Az írásos beszámolók alapján döntenek a szakmai gyakorlat elfogadásáról.
Hogyan igazolják a szakmai gyakorlat sikeres elvégzését?;A szakmai gyakorlat sikeres elvégzését az aláírás bevitelével a Neptunba igazolják.
Ki készít összesítő jelentést a szakmai gyakorlatról?;A tanszéki felelős készít összesítő jelentést a szakmai gyakorlatról.
Mi a kari szakmai gyakorlat-felelős feladata?;A kari szakmai gyakorlat-felelős feladata a szakmai gyakorlat zökkenőmentes lebonyolításának felügyelete.
Mi történik, ha a gyakorlóhely nem szerepel a kari listán?;Ebben az esetben a hallgatónak kérelmet kell benyújtania együttműködési megállapodás megkötésére a gyakorlóhellyel vagy iskolaszövetkezettel.
Milyen adatokat kell megadni a gyakorlóhelyről?;A gyakorlóhely nevét, székhelyét, adószámát, bankszámlaszámát, statisztikai számjelét és cégjegyzékszámát/nyilvántartási számát kell megadni.
Milyen adatokat kell megadni a hallgatóról?;A hallgató nevét, neptun kódját, e-mail címét, (fő)specializációját és ágazatát/tanszékét kell megadni.
Hogyan tartják nyilván a szakmai gyakorlati gyakorlóhelyeket?;A kari szakmai gyakorlat-felelős naprakészen nyilvántartja a szakmai gyakorlati gyakorlóhelyeket.
Milyen tájékoztatást készít a kari szakmai gyakorlat-felelős?;A kari szakmai gyakorlat-felelős tájékoztatót készít a hallgatóság számára a szakmai gyakorlat lebonyolításáról.
Mit dolgoz ki a kari szakmai gyakorlat-felelős?;A kari szakmai gyakorlat-felelős kidolgozza és rendszeresen felülvizsgálja a szükséges szabályzatokat és űrlapokat.
Mikor engedélyezhető a szabályzattól történő eltérés?;Indokolt egyedi esetekben engedélyezhető a szabályzattól történő eltérés.
Ki a kapcsolattartó a gyakorlóhelyen?;A kapcsolattartó a gyakorlóhelyen a gyakorlóhely/iskolaszövetkezet2 adatainál található személy.
Milyen adatokat kell megadni a kapcsolattartóról?;A kapcsolattartó nevét, telefonszámát, faxszámát, e-mail címét és aláírását kell megadni.
Hogyan küldhető el az összesítő jelentés a kari felelősnek?;Az összesítő jelentést a tanszéki felelős küldi el a kari felelősnek.
Milyen együttműködési megállapodásokat tartanak nyilván?;A gyakorlóhelyekkel és iskolaszövetkezetekkel kötött együttműködési megállapodásokat tartják nyilván.
Mi történik, ha a szakmai gyakorlatot nem fogadják el?;Ha a szakmai gyakorlatot nem fogadják el, a hallgatónak újra el kell végeznie a gyakorlatot vagy javítania kell a beszámolóját.
Hogyan értesülhet a hallgató a szakmai gyakorlat lebonyolításáról?;A hallgató a kari szakmai gyakorlat-felelős által készített tájékoztatóból értesülhet a szakmai gyakorlat lebonyolításáról.
Mi a teendő, ha a gyakorlóhelyen változás történik?;Ha a gyakorlóhelyen változás történik, azt jelezni kell a kari szakmai gyakorlat-felelős felé.
Ki hagyhatja jóvá a szabályzattól történő eltérést?;A szabályzattól történő eltérést a kari szakmai gyakorlat-felelős hagyhatja jóvá.
Hogyan lehet benyújtani a kérelmet az együttműködési megállapodásra?;A kérelmet az együttműködési megállapodásra a hallgató adhatja be, az erre vonatkozó űrlap kitöltésével.
Mikor készül el az összesítő jelentés a szakmai gyakorlatról?;Az összesítő jelentést a szemeszterek végén készítik el a szakmai gyakorlatról.
Mikor kezdődik és mikor ér véget a szakmai gyakorlat?;A szakmai gyakorlat kezdési és befejezési dátuma a hallgató és a gyakorlóhely közötti megállapodás alapján kerül meghatározásra.
Milyen adatokat kell megadni a gyakorlóhelyről?;A gyakorlóhely nevét, címét, telefon- és faxszámát, e-mail címét és a szakmai gyakorlat szempontjából releváns tevékenységi körét kell megadni.
Milyen adatokat kell megadni a hallgatóról?;A hallgató nevét, neptun kódját, e-mail címét, főspecializációját/szakát, tanszékét és a szakmai gyakorlat kezdési és befejezési dátumát kell megadni.
Ki a kapcsolattartó?;A kapcsolattartó a gyakorlóhelyen dolgozó személy, aki a hallgatóval a szakmai gyakorlat során kapcsolatban áll.
Mi a kapcsolattartó feladata?;A kapcsolattartó feladata, hogy segítse a hallgatót a szakmai gyakorlat során, és közvetítse a gyakorlóhely és a hallgató közötti kommunikációt.
Hogyan lehet kapcsolatba lépni a kapcsolattartóval?;A kapcsolattartóval telefonon, faxon vagy e-mailen keresztül lehet kapcsolatba lépni.
Mi a gyakorlóhelyi konzulens feladata?;A gyakorlóhelyi konzulens feladata, hogy közvetlenül felügyelje a hallgató szakmai gyakorlatát.
Milyen adatokat kell megadni a gyakorlóhelyi konzulensről?;A gyakorlóhelyi konzulens nevét, beosztását, telefon- és faxszámát, e-mail címét és aláírását kell megadni.
Mikor kerül sor a szakmai gyakorlatra?;A szakmai gyakorlat időpontja a hallgató és a gyakorlóhely közötti megállapodás alapján kerül meghatározásra.
Milyen tevékenységeket kell végezni a szakmai gyakorlat során?;A szakmai gyakorlat során a hallgatónak a gyakorlóhelyen a szakmai gyakorlat szempontjából releváns tevékenységeket kell végeznie.
Milyen dokumentumok szükségesek a szakmai gyakorlat megkezdéséhez?;A szakmai gyakorlat megkezdéséhez a hallgatónak és a gyakorlóhelynek együtt kell kitölteniük és aláírniuk a szakmai gyakorlati megállapodást.
Hogyan kerülhet fel a tanszéki listára egy gyakorlóhely?;Egy gyakorlóhely akkor kerülhet fel a tanszéki listára, ha a tanszék hozzájárul a gyakorlóhelyen végzendő szakmai gyakorlathoz.
Milyen szakokon végezhető szakmai gyakorlat?;Szakmai gyakorlatot végezhetnek a villamosmérnöki és egészségügyi mérnöki mesterképzési szak hallgatói.
Mikor hozza meg a döntést a Budapesti Műszaki Egyetem Villamosmérnöki és Informatikai Kara a szakmai gyakorlat engedélyezéséről?;A döntést a szakmai gyakorlat engedélyezéséről a Budapesti Műszaki Egyetem Villamosmérnöki és Informatikai Kara a kérelem benyújtását követően hozza meg.
Hogyan értesül a hallgató a döntésről?;A hallgató a döntésről a Budapesti Műszaki Egyetem Villamosmérnöki és Informatikai Karától kapott hivatalos értesítésben értesül.
Mit jelent, ha a Budapesti Műszaki Egyetem Villamosmérnöki és Informatikai Kara nem járul hozzá a szakmai gyakorlathoz?;Ha a Budapesti Műszaki Egyetem Villamosmérnöki és Informatikai Kara nem járul hozzá a szakmai gyakorlathoz, akkor a hallgató nem végezhet szakmai gyakorlatot a megjelölt gyakorlóhelyen.
Milyen tevékenységeket végez a hallgató a szakmai gyakorlat során?;A hallgató a szakmai gyakorlat során a gyakorlóhelyen a szakmai gyakorlat szempontjából releváns tevékenységeket végez.
Milyen adatokat kell megadni a szakmai gyakorlat témájáról?;A szakmai gyakorlat témájának címét kell megadni.
Hogyan kerülhet be a gyakorlóhely a tanszéki listára?;A gyakorlóhely akkor kerülhet be a tanszéki listára, ha a Budapesti Műszaki Egyetem Villamosmérnöki és Informatikai Kara hozzájárul a gyakorlóhelyen végzendő szakmai gyakorlathoz.
Hogyan lehet jelentkezni a szakmai gyakorlatra?;A szakmai gyakorlatra a hallgató a gyakorlóhelyen történő jelentkezéssel és a szakmai gyakorlati megállapodás kitöltésével és aláírásával jelentkezhet.
Milyen feltételeknek kell megfelelni a szakmai gyakorlat helyének?;A szakmai gyakorlat helyének a szakmai gyakorlat szempontjából releváns tevékenységeket kell végeznie, és a Budapesti Műszaki Egyetem Villamosmérnöki és Informatikai Karának hozzá kell járulnia a gyakorlóhelyen végzendő szakmai gyakorlathoz.
Mikor kell benyújtani a kérelmet a szakmai gyakorlatra?;A kérelmet a szakmai gyakorlatra a szakmai gyakorlat megkezdése előtt kell benyújtani.
Milyen adatokat kell megadni a hallgató aláírásánál?;A hallgató aláírásánál a hallgató nevét és aláírását kell megadni.
Mikor kezdődik és mikor ér véget a szakmai gyakorlat?;A szakmai gyakorlat kezdési és befejezési dátumát a hallgató és a gyakorlóhely közösen határozzák meg.
Hogyan kell jelentkezni a szakmai gyakorlatra?;A szakmai gyakorlatra a tanszéki listán szereplő jelentkezési lapon kell jelentkezni.
Milyen adatokat kell megadni a jelentkezési lapon?;A jelentkezési lapon meg kell adni a nevet, a Neptun kódot, az e-mail címet, a képzési szintet, a (fő)specializációt, a szakmai gyakorlatot szervező tanszéket, a szakmai gyakorlat kezdési és befejezési dátumát, a gyakorlóhelyet és a választott témát.
Mi a feladata a kari szakmai gyakorlat-felelősnek?;A kari szakmai gyakorlat-felelős feladata, hogy hozzájáruljon vagy ne járuljon hozzá a hallgató szakmai gyakorlatának megvalósulásához.
Mi a feladata a hallgatónak a szakmai gyakorlat során?;A hallgató feladata a szakmai gyakorlat során, hogy a gyakorlóhelyen a választott témában a szakmai gyakorlat feladatait elvégezze.
Hogyan kell kitölteni a feladatlapot?;A feladatlapot a hallgatónak kell kitölteni a szakmai gyakorlat elvégzéséhez szükséges adatokkal.
Milyen adatokat kell megadni a feladatlapon?;A feladatlapon meg kell adni a nevet, a Neptun kódot, az e-mail címet, a képzési szintet, a (fő)specializációt, a szakmai gyakorlatot szervező tanszéket, a tanszéki konzulenst, a szakmai gyakorlat kezdési és befejezési dátumát, a gyakorlóhelyet, a részleget, az osztályt, a gyakorlóhelyi konzulenst, a szakmai gyakorlat témájának címét és az elvégzendő feladat részletezését.
Mi a feladata a gyakorlóhelyi konzulensnek?;A gyakorlóhelyi konzulens feladata, hogy segítse a hallgatót a szakmai gyakorlat során, és igazolja a szakmai gyakorlat elvégzését.
Hogyan kell kitölteni az igazoló lapot?;Az igazoló lapot a gyakorlóhelyi konzulensnek kell kitölteni a szakmai gyakorlat elvégzésének igazolásához.
Milyen adatokat kell megadni az igazoló lapon?;Az igazoló lapon meg kell adni a nevet, a Neptun kódot, az e-mail címet, a képzési szintet, a (fő)specializációt, a szakmai gyakorlatot szervező tanszéket és a tanszéki konzulenst.
Mit jelent a BSc és MSc a képzési szintnél?;A BSc a Bachelor of Science, azaz alapképzés, míg az MSc a Master of Science, azaz mesterképzés rövidítése.
Mikor kell megadni a szakmai gyakorlat kezdési és befejezési dátumát?;A szakmai gyakorlat kezdési és befejezési dátumát a jelentkezési lapon és a feladatlapon kell megadni.
Hogyan válasszunk témát a szakmai gyakorlatra?;A szakmai gyakorlat témáját a hallgató választhatja meg, figyelembe véve a képzési szintjét, a specializációját és a gyakorlóhely ajánlásait.
Mi a feladata a tanszéki konzulensnek?;A tanszéki konzulens feladata, hogy segítse a hallgatót a szakmai gyakorlat során, és tanácsot adjon a szakmai gyakorlat témájának kiválasztásában.
Mikor és hol kell leadni a jelentkezési lapot?;A jelentkezési lapot a szakmai gyakorlatot szervező tanszéken kell leadni a szakmai gyakorlat kezdete előtt.
Mikor és hol kell leadni a feladatlapot?;A feladatlapot a szakmai gyakorlatot szervező tanszéken kell leadni a szakmai gyakorlat befejezése után.
Mikor és hol kell leadni az igazoló lapot?;Az igazoló lapot a szakmai gyakorlatot szervező tanszéken kell leadni a szakmai gyakorlat befejezése után.
Mi történik, ha a hallgató nem tudja teljesíteni a szakmai gyakorlatot?;Ha a hallgató nem tudja teljesíteni a szakmai gyakorlatot, akkor ezt jeleznie kell a szakmai gyakorlatot szervező tanszéknek és a gyakorlóhelynek.
Milyen dokumentumokat kell benyújtani a szakmai gyakorlat elvégzése után?;A szakmai gyakorlat elvégzése után a hallgatónak a kitöltött feladatlapot és az igazoló lapot kell benyújtania.
Mi történik, ha a hallgató nem kap hozzájárulást a szakmai gyakorlathoz?;Ha a hallgató nem kap hozzájárulást a szakmai gyakorlathoz, akkor nem végezheti el a szakmai gyakorlatot az adott gyakorlóhelyen.
Mit jelent a (fő)specializáció a jelentkezési lapon és a feladatlapon?;A (fő)specializáció a hallgató által választott szakirányt jelenti, amely meghatározza a szakmai gyakorlat témáját és a gyakorlati feladatokat.
Mikor kezdődik és mikor végződik a szakmai gyakorlat?;A szakmai gyakorlat kezdési és befejezési dátuma a kérelemben van megadva.
Hol végzi a hallgató a szakmai gyakorlatot?;A hallgató a gyakorlóhelyen végzi a szakmai gyakorlatot.
Milyen részlegen dolgozik a hallgató?;A hallgató a kérelemben megadott részlegen dolgozik.
Ki a gyakorlóhelyi konzulens?;A gyakorlóhelyi konzulens neve a kérelemben van megadva.
Hogyan értékelik a hallgató munkáját?;A hallgató munkájának értékelése a szakmai gyakorlat végén történik.
Hogyan igazolják a szakmai gyakorlat elvégzését?;A szakmai gyakorlat elvégzését a gyakorlóhelyi konzulens igazolja.
Hogyan kell beadni a kérelmet a külföldön végzendő szakmai gyakorlat hozzájárulására?;A kérelmet a hallgató adja be a tanulmányi osztályon.
Mikor és hol írja alá a hallgató a kérelmet?;A hallgató a kérelmet a beadás előtt írja alá.
Mikor és ki hozza meg a döntést a szakmai gyakorlat helyéről?;A döntést a Budapesti Műszaki Egyetem Villamos mérnöki és Informatikai Kara hozza meg a kérelem benyújtása után.
Hogyan értesül a hallgató a döntésről?;A döntésről a hallgató írásban értesül.
